mes;any;quota;pagat;id;aportació;rescat;pérdua
abril;2026;220.5;pagat;31;6463.5;5289.18;1174.32
mayo;2026;220.5;pagat;32;6684.0;5489.76;1194.24
junio;2026;220.5;pagat;33;6904.5;5691.32;1213.18
julio;2026;220.5;pagat;34;7125.0;5893.87;1231.13
agosto;2026;220.5;pagat;35;7345.5;6097.42;1248.08
septiembre;2026;220.5;pagat;36;7566.0;6301.96;1264.04
octubre;2026;231.53;pendent;37;7797.53;6506.81;1290.72
noviembre;2026;231.53;pendent;38;8029.06;6722.45;1306.61
diciembre;2026;231.53;pendent;39;8260.59;6939.14;1321.45
enero;2027;231.53;pendent;40;8492.12;7156.89;1335.23
febrero;2027;231.53;pendent;41;8723.65;7375.7;1347.95
marzo;2027;231.53;pendent;42;8955.18;7595.58;1359.6
abril;2027;231.53;pendent;43;9186.71;7816.52;1370.19
mayo;2027;231.53;pendent;44;9418.24;8038.53;1379.71
junio;2027;231.53;pendent;45;9649.77;8261.62;1388.15
julio;2027;231.53;pendent;46;9881.3;8485.79;1395.51
agosto;2027;231.53;pendent;47;10112.83;8711.05;1401.78
agosto;2031;281.42;pendent;95;22636.54;22126.21;510.33
septiembre;2031;281.42;pendent;96;22917.96;22458.65;459.31
octubre;2031;295.46;pendent;97;23213.42;22788.82;424.6
noviembre;2031;295.46;pendent;98;23508.88;23136.94;371.94
diciembre;2031;295.46;pendent;99;23804.34;23486.66;317.68
enero;2032;295.46;pendent;100;24099.8;23838.0;261.8
febrero;2032;295.46;pendent;101;24395.26;24190.97;204.29
marzo;2032;295.46;pendent;102;24690.72;24545.56;145.16
abril;2032;295.46;pendent;103;24986.18;24901.79;84.39
mayo;2032;295.46;pendent;104;25281.64;25259.66;21.98
junio;2032;295.46;pendent;105;25577.1;25619.17;-42.07
julio;2032;295.46;pendent;106;25872.56;25980.34;-107.78
agosto;2032;295.46;pendent;107;26168.02;26343.17;-175.15
septiembre;2032;295.46;pendent;108;26463.48;26707.66;-244.18
octubre;2032;310.27;pendent;109;26773.75;27069.12;-295.37
noviembre;2032;310.27;pendent;110;27084.02;27450.42;-366.4
diciembre;2032;310.27;pendent;111;27394.29;27800.72;-406.43
enero;2033;310.27;pendent;112;27704.56;28151.95;-447.39
febrero;2033;310.27;pendent;113;28014.83;28504.11;-489.28
marzo;2033;310.27;pendent;114;28325.1;28857.21;-532.11
abril;2033;310.27;pendent;115;28635.37;29211.26;-575.89
mayo;2033;310.27;pendent;116;28945.64;29566.25;-620.61
junio;2033;310.27;pendent;117;29255.91;29922.19;-666.28
julio;2033;310.27;pendent;118;29566.18;30279.08;-712.9
agosto;2033;310.27;pendent;119;29876.45;30636.93;-760.48
septiembre;2033;310.27;pendent;120;30186.72;30995.74;-809.02
octubre;2023;200.0;pagat;1;200.0;0.0;0.0
noviembre;2023;200.0;pagat;2;400.0;0.0;0.0
diciembre;2023;200.0;pagat;3;600.0;0.0;0.0
enero;2030;268.02;pendent;76;17396.76;16200.78;1195.98
febrero;2030;268.02;pendent;77;17664.78;16493.82;1170.96
marzo;2030;268.02;pendent;78;17932.8;16788.24;1144.56
abril;2030;268.02;pendent;79;18200.82;17084.03;1116.79
mayo;2030;268.02;pendent;80;18468.84;17381.21;1087.63
junio;2030;268.02;pendent;81;18736.86;17679.77;1057.09
julio;2030;268.02;pendent;82;19004.88;17979.74;1025.14
agosto;2030;268.02;pendent;83;19272.9;18281.09;991.81
septiembre;2027;231.53;pendent;48;10344.36;8937.38;1406.98
octubre;2027;243.1;pendent;49;10587.46;9163.7;1423.76
noviembre;2027;243.1;pendent;50;10830.56;9401.92;1428.64
diciembre;2027;243.1;pendent;51;11073.66;9641.29;1432.37
enero;2028;243.1;pendent;52;11316.76;9881.82;1434.94
febrero;2028;243.1;pendent;53;11559.86;10123.49;1436.37
marzo;2028;243.1;pendent;54;11802.96;10366.33;1436.63
abril;2028;243.1;pendent;55;12046.06;10610.33;1435.73
mayo;2028;243.1;pendent;56;12289.16;10855.5;1433.66
junio;2028;243.1;pendent;57;12532.26;11101.84;1430.42
julio;2028;243.1;pendent;58;12775.36;11349.35;1426.01
agosto;2028;243.1;pendent;59;13018.46;11598.04;1420.42
septiembre;2028;243.1;pendent;60;13261.56;11847.92;1413.64
octubre;2028;255.26;pendent;61;13516.82;12097.36;1419.46
septiembre;2030;268.02;pendent;84;19540.92;18583.86;957.06
octubre;2030;281.42;pendent;85;19822.34;18885.06;937.28
noviembre;2030;281.42;pendent;86;20103.76;19202.45;901.31
diciembre;2030;281.42;pendent;87;20385.18;19521.32;863.86
enero;2031;281.42;pendent;88;20666.6;19841.68;824.92
febrero;2031;281.42;pendent;89;20948.02;20163.53;784.49
marzo;2031;281.42;pendent;90;21229.44;20486.87;742.57
abril;2031;281.42;pendent;91;21510.86;20811.72;699.14
mayo;2031;281.42;pendent;92;21792.28;21138.07;654.21
junio;2031;281.42;pendent;93;22073.7;21465.93;607.77
julio;2031;281.42;pendent;94;22355.12;21795.31;559.81
enero;2024;200.0;pagat;4;800.0;0.0;0.0
febrero;2024;200.0;pagat;5;1000.0;0.0;0.0
marzo;2024;200.0;pagat;6;1200.0;0.0;0.0
abril;2024;200.0;pagat;7;1400.0;0.0;0.0
mayo;2024;200.0;pagat;8;1600.0;0.0;0.0
junio;2024;200.0;pagat;9;1800.0;0.0;0.0
julio;2024;200.0;pagat;10;2000.0;0.0;0.0
agosto;2024;200.0;pagat;11;2200.0;0.0;0.0
septiembre;2024;200.0;pagat;12;2400.0;0.0;0.0
octubre;2024;210.0;pagat;13;2610.0;1096.15;1513.85
noviembre;2024;210.0;pagat;14;2820.0;1273.15;1546.85
diciembre;2024;210.0;pagat;15;3030.0;1463.41;1566.59
enero;2025;210.0;pagat;16;3240.0;1667.0;1573.0
febrero;2025;210.0;pagat;17;3450.0;1883.94;1566.06
marzo;2025;210.0;pagat;18;3660.0;2114.31;1545.69
abril;2025;210.0;pagat;19;3870.0;2358.13;1511.87
mayo;2025;210.0;pagat;20;4080.0;2615.47;1464.53
junio;2025;210.0;pagat;21;4290.0;2886.38;1403.62
julio;2025;210.0;pagat;22;4500.0;3170.9;1329.1
agosto;2025;210.0;pagat;23;4710.0;3469.08;1240.92
septiembre;2025;210.0;pagat;24;4920.0;3780.98;1139.02
octubre;2025;220.5;pagat;25;5140.5;4106.27;1034.23
noviembre;2025;220.5;pagat;26;5361.0;4300.99;1060.01
diciembre;2025;220.5;pagat;27;5581.5;4496.68;1084.82
enero;2026;220.5;pagat;28;5802.0;4693.34;1108.66
febrero;2026;220.5;pagat;29;6022.5;4890.98;1131.52
marzo;2026;220.5;pagat;30;6243.0;5089.59;1153.41
noviembre;2028;255.26;pendent;62;13772.08;12359.97;1412.11
diciembre;2028;255.26;pendent;63;14027.34;12623.83;1403.51
enero;2029;255.26;pendent;64;14282.6;12888.94;1393.66
febrero;2029;255.26;pendent;65;14537.86;13155.31;1382.55
marzo;2029;255.26;pendent;66;14793.12;13422.95;1370.17
abril;2029;255.26;pendent;67;15048.38;13691.85;1356.53
mayo;2029;255.26;pendent;68;15303.64;13962.02;1341.62
junio;2029;255.26;pendent;69;15558.9;14233.47;1325.43
julio;2029;255.26;pendent;70;15814.16;14506.19;1307.97
agosto;2029;255.26;pendent;71;16069.42;14780.2;1289.22
septiembre;2029;255.26;pendent;72;16324.68;15055.5;1269.18
octubre;2029;268.02;pendent;73;16592.7;15329.85;1262.85
noviembre;2029;268.02;pendent;74;16860.72;15618.8;1241.92
diciembre;2029;268.02;pendent;75;17128.74;15909.11;1219.63
