idGasolina;cotxe;data;mes;any;import;euros/litre;litres;lloc
1;ibiza;01/03/2021;marzo;2021.0;39.2;1,322091062;29.65;Solred
2;ibiza;05/03/2021;marzo;2021.0;39.2;1,351258187;29.01;Efectiu
3;ibiza;11/03/2021;marzo;2021.0;39.2;1,351258187;29.01;Solred
4;ibiza;24/03/2021;marzo;2021.0;20.0;1,179;16.97;BonArea
5;ibiza;12/04/2021;abril;2021.0;30.0;1,179;25.45;BonArea
6;ibiza;20/04/2021;abril;2021.0;19.6;1,469;13.61;Solred
7;ibiza;27/04/2021;abril;2021.0;20.0;1,188;16.83;BonArea
8;ibiza;03/05/2021;mayo;2021.0;40.0;1,179;33.93;BonArea
9;ibiza;11/05/2021;mayo;2021.0;40.0;1,188;33.67;BonArea
10;ibiza;19/05/2021;mayo;2021.0;40.0;1,196;33.44;BonArea
11;ibiza;27/05/2021;mayo;2021.0;40.0;1,193;33.52891869;BonArea
12;ibiza;01/06/2021;junio;2021.0;40.0;1,193;33.53;BonArea
13;ibiza;08/06/2021;junio;2021.0;40.0;1,193;33.53;BonArea
14;ibiza;14/06/2021;junio;2021.0;40.0;1,203;33.25;BonArea
15;ibiza;18/06/2021;junio;2021.0;20.0;1,203;16.63;BonArea
16;ibiza;22/06/2021;junio;2021.0;40.0;1,203;33.25;BonArea
17;ibiza;30/06/2021;junio;2021.0;40.0;1,218;32.84;BonArea
18;ibiza;12/07/2021;julio;2021.0;40.0;1,257;31.82;BonArea
19;ibiza;18/07/2021;julio;2021.0;20.0;1,42;14.08;Altres
20;ibiza;19/07/2021;julio;2021.0;52.84;1,31;40.34;Altres
21;ibiza;02/08/2021;agosto;2021.0;31.33;1,35;23.21;Altres
22;ibiza;04/08/2021;agosto;2021.0;20.0;1,263;15.83;BonArea
23;ibiza;10/08/2021;agosto;2021.0;40.0;1,263;31.67;BonArea
24;ibiza;18/08/2021;agosto;2021.0;30.0;1,258;23.84737679;BonArea
25;ibiza;02/09/2021;septiembre;2021.0;40.0;1,257;31.82;BonArea
26;ibiza;09/09/2021;septiembre;2021.0;40.0;1,268;31.55;BonArea
27;ibiza;20/09/2021;septiembre;2021.0;40.0;1,279;31.27;BonArea
28;ibiza;28/09/2021;septiembre;2021.0;10.0;1,339;7.47;Altres
29;ibiza;28/09/2021;septiembre;2021.0;30.0;1,279;23.46;BonArea
30;ibiza;05/10/2021;octubre;2021.0;40.0;1,279;31.27443315;BonArea
31;ibiza;18/10/2021;octubre;2021.0;40.0;1,348;29.6735905;BonArea
32;ibiza;19/10/2021;octubre;2021.0;40.0;1,348;29.6735905;BonArea
33;ibiza;03/11/2021;noviembre;2021.0;40.0;1,359;29.43340692;BonArea
34;ibiza;15/11/2021;noviembre;2021.0;10.0;1,439;6.949270327;Altres
35;ibiza;16/11/2021;noviembre;2021.0;40.0;1,359;29.43340692;BonArea
36;ibiza;23/11/2021;noviembre;2021.0;40.0;1,348;29.6735905;BonArea
37;ibiza;29/11/2021;noviembre;2021.0;10.0;1,369;7.304601899;Altres
38;ibiza;30/11/2021;noviembre;2021.0;40.0;1,359;29.43340692;BonArea
39;ibiza;14/12/2021;diciembre;2021.0;40.0;1,318;30.34901366;BonArea
40;ibiza;20/12/2021;diciembre;2021.0;30.0;1,318;22.76176024;BonArea
41;ibiza;21/12/2021;diciembre;2021.0;35.32;1,309;26.98242934;BonArea
42;ibiza;05/01/2022;enero;2022.0;47.35;1,469;32.23281144;Altres
43;ibiza;01/01/2022;enero;2022.0;20.0;1,469;13.61470388;Altres
44;ibiza;07/01/2022;enero;2022.0;10.0;1,639;6.101281269;Altres
45;ibiza;10/01/2022;enero;2022.0;40.0;1,319;30.32600455;BonArea
46;ibiza;17/01/2022;enero;2022.0;40.0;1,358;29.455081;BonArea
47;ibiza;25/01/2022;enero;2022.0;40.0;1,378;29.0275762;BonArea
48;ibiza;08/02/2022;febrero;2022.0;50.0;1,427;35.0385424;BonArea
49;ibiza;14/02/2022;febrero;2022.0;42.87;1,427;30.04204625;BonArea
50;ibiza;23/02/2022;febrero;2022.0;50.0;1,467;34.08316292;BonArea
51;ibiza;02/03/2022;marzo;2022.0;40.0;1,493;26.79169457;BonArea
52;ibiza;08/03/2022;marzo;2022.0;57.06;1,578;36.15969582;BonArea
53;ibiza;11/03/2022;marzo;2022.0;50.0;1,693;50.0;BonArea
54;ibiza;18/03/2022;marzo;2022.0;28.13;1,645;28.13;BonArea
55;ibiza;25/03/2022;marzo;2022.0;56.22;1,658;33.90832328;BonArea
56;ibiza;07/04/2022;abril;2022.0;60.73;1,448;41.94060773;BonArea
57;ibiza;20/04/2022;abril;2022.0;55.92;1,428;39.15966387;BonArea
58;ibiza;29/04/2022;abril;2022.0;61.67;1,476;41.78184282;BonArea
59;ibiza;09/05/2022;mayo;2022.0;46.04;1,528;30.13089005;BonArea
60;ibiza;16/05/2022;mayo;2022.0;55.72;1,549;35.97159458;BonArea
61;ibiza;25/05/2022;mayo;2022.0;65.13;1,758;37.04778157;BonArea
62;ibiza;03/06/2022;junio;2022.0;40.0;1,758;22.75312856;BonArea
63;ibiza;06/06/2022;junio;2022.0;40.0;1,758;22.75312856;BonArea
64;ibiza;09/06/2022;junio;2022.0;40.0;1,758;22.75312856;BonArea
65;ibiza;14/06/2022;junio;2022.0;40.0;1,758;22.75312856;BonArea
66;ibiza;29/06/2022;junio;2022.0;40.0;1,766;22.65005663;BonArea
67;ibiza;05/07/2022;julio;2022.0;68.1;1,749;38.93653516;BonArea
68;ibiza;12/07/2022;julio;2022.0;73.12;1,679;43.54973198;BonArea
69;ibiza;18/07/2022;julio;2022.0;52.77;1,68;31.43;BonArea
70;ibiza;25/07/2022;julio;2022.0;67.82;1,53;43.53;BonArea
71;ibiza;01/08/2022;agosto;2022.0;67.14;1,669;40.23;Esclat Palamós
72;ibiza;10/08/2022;agosto;2022.0;68.24;1,669;40.87;Esclat Palamós
73;ibiza;16/08/2022;agosto;2022.0;53.96;1,39;38.71;BonArea
74;ibiza;22/08/2022;agosto;2022.0;20.0;1,51;13.25;Altres
75;ibiza;02/09/2022;septiembre;2022.0;40.0;1,669;23.97;Altres
76;ibiza;08/09/2022;septiembre;2022.0;56.95;1,388;41.03025937;BonArea
77;ibiza;18/09/2022;septiembre;2022.0;46.5;1,289;36.07;BonArea
78;ibiza;01/10/2022;octubre;2022.0;57.01;1,317;43.29;BonArea
79;ibiza;14/10/2022;octubre;2022.0;20.0;1,459;13.70801919;Altres
80;ibiza;18/10/2022;octubre;2022.0;44.33;1,393;31.82340273;BonArea
81;ibiza;30/10/2022;octubre;2022.0;56.76;1,393;40.74659009;BonArea
82;ibiza;09/11/2022;noviembre;2022.0;58.59;1,393;42.06030151;BonArea
83;ibiza;16/11/2022;noviembre;2022.0;57.64;1,426;40.42075736;BonArea
84;ibiza;23/11/2022;noviembre;2022.0;53.93;1,389;38.82649388;BonArea
85;ibiza;02/12/2022;diciembre;2022.0;38.26;1,326;28.85369532;BonArea
86;ibiza;10/12/2022;diciembre;2022.0;42.71;1,286;33.21150855;BonArea
87;ibiza;16/12/2022;diciembre;2022.0;39.89;1,177;33.89124894;BonArea
88;ibiza;21/12/2022;diciembre;2022.0;48.55;1,177;41.24893798;BonArea
89;ibiza;23/12/2022;diciembre;2022.0;14.22;1,177;12.0815633;BonArea
90;ibiza;23/12/2022;diciembre;2022.0;16.83;1,379;12.66;Altres
91;ibiza;28/12/2022;diciembre;2022.0;40.89;1,34;30.51492537;Altres
92;ibiza;09/01/2023;enero;2023.0;19.54;1,57;12.44585987;Altres
93;ibiza;09/01/2023;enero;2023.0;20.0;1,679;11.91185229;Efectiu
94;ibiza;10/01/2023;enero;2023.0;58.59;1,396;41.96991404;BonArea
95;ibiza;18/01/2023;enero;2023.0;56.62;1,436;39.42896936;BonArea
96;ibiza;27/01/2023;enero;2023.0;53.1;1,518;34.98;BonArea
97;ibiza;08/02/2023;febrero;2023.0;20.0;1,498;13.35;BonArea
98;ibiza;12/02/2023;febrero;2023.0;56.48;1,498;37.95698925;BonArea
99;ibiza;07/03/2023;marzo;2023.0;20.0;1,559;12.82873637;Altres
100;ibiza;11/03/2023;marzo;2023.0;56.88;1,495;38.04682274;BonArea
101;ibiza;21/03/2023;marzo;2023.0;54.97;1,495;36.77;BonArea
102;ibiza;06/04/2023;abril;2023.0;20.0;1,487;13.44989913;BonArea
103;ibiza;07/04/2023;abril;2023.0;41.65;1,478;28.17997294;BonArea
104;ibiza;04/05/2023;mayo;2023.0;49.28;1,444;34.12742382;BonArea
105;ibiza;18/05/2023;mayo;2023.0;36.77;1,398;26.3018598;BonArea
106;ibiza;01/06/2023;junio;2023.0;49.8;1,398;35.6223176;BonArea
107;ibiza;24/06/2023;junio;2023.0;46.73;1,429;32.70118964;BonArea
108;ibiza;05/07/2023;julio;2023.0;58.09;1,419;40.93727977;BonArea
109;ibiza;14/07/2023;julio;2023.0;34.42;1,448;23.77071823;BonArea
110;ibiza;26/07/2023;julio;2023.0;64.56;1,488;43.39;BonArea
111;ibiza;27/07/2023;julio;2023.0;20.0;1,764;11.34;Altres
112;ibiza;31/07/2023;julio;2023.0;30.0;1,589;18.87;Altres
113;ibiza;07/08/2023;agosto;2023.0;71.77;1,589;45.17;Altres
114;ibiza;10/08/2023;agosto;2023.0;20.0;1,799;11.12;Altres
115;ibiza;11/08/2023;agosto;2023.0;58.45;1,496;39.07;BonArea
116;ibiza;01/08/2023;agosto;2023.0;20.0;1,799;11.12;Altres
117;ibiza;23/08/2023;agosto;2023.0;62.17;1,548;40.16;BonArea
118;ibiza;05/09/2023;septiembre;2023.0;62.62;1,548;40.45;BonArea
119;ibiza;18/09/2023;septiembre;2023.0;10.0;1,839;5.44;Repsol
120;ibiza;18/09/2023;septiembre;2023.0;61.73;1,586;38.92;BonArea
121;ibiza;27/10/2023;octubre;2023.0;58.96;1,45;40.72;BonArea
122;ibiza;18/11/2023;noviembre;2023.0;61.39;1,42;43.26;BonArea
123;ibiza;04/12/2023;diciembre;2023.0;48.27;1,398;34.53;BonArea
124;ibiza;19/12/2023;diciembre;2023.0;44.86;1,367;32.82;BonArea
125;ibiza;22/12/2023;diciembre;2023.0;53.97;1,356;39.8;BonArea
126;ibiza;02/01/2024;enero;2024.0;10.0;1,619;6.18;Repsol
127;ibiza;02/01/2024;enero;2024.0;51.09;1,356;37.68;BonArea
128;ibiza;09/01/2024;enero;2024.0;52.53;1,379;38.09;BonArea
129;ibiza;30/01/2024;enero;2024.0;56.73;1,398;40.58;BonArea
130;ibiza;10/02/2024;febrero;2024.0;52.76;1,414;37.31;BonArea
131;ibiza;21/02/2024;febrero;2024.0;63.14;1,467;43.04;BonArea
132;ibiza;12/03/2024;marzo;2024.0;55.44;1,467;37.79;BonArea
133;ibiza;27/03/2024;marzo;2024.0;52.95;1,477;35.85;BonArea
134;ibiza;12/04/2024;abril;2024.0;61.89;1,517;40.8;BonArea
135;ibiza;23/04/2024;abril;2024.0;56.66;1,517;37.35;BonArea
136;ibiza;08/05/2024;mayo;2024.0;42.02;1,496;28.09;BonArea
137;ibiza;28/05/2024;mayo;2024.0;57.68;1,447;39.86;BonArea
138;ibiza;30/05/2024;mayo;2024.0;20.0;1,78;11.24;Altres
139;tívoli;03/06/2024;junio;2024.0;66.6;1,724;38.63;Altres
140;tívoli;05/06/2024;junio;2024.0;20.1;1,609;12.49;Altres
141;tívoli;05/06/2024;junio;2024.0;40.0;1,759;22.74;Altres
142;tívoli;07/06/2024;junio;2024.0;53.83;1,418;37.96;BonArea
143;tívoli;21/06/2024;junio;2024.0;59.9;1,408;42.54;BonArea
144;tívoli;04/07/2024;julio;2024.0;54.5;1,424;38.27;BonArea
145;tívoli;19/07/2024;julio;2024.0;40.0;1,419;28.19;BonArea
146;tívoli;27/07/2024;julio;2024.0;41.46;1,419;29.22;BonArea
147;tívoli;31/07/2024;julio;2024.0;23.49;1,408;16.68;BonArea
148;tívoli;31/07/2024;julio;2024.0;30.0;1,699;17.66;Altres
149;tívoli;09/08/2024;agosto;2024.0;63.04;1,679;37.55;Altres
150;tívoli;10/08/2024;agosto;2024.0;30.0;1,679;17.87;Altres
151;tívoli;12/08/2024;agosto;2024.0;56.34;1,385;40.68;BonArea
152;tívoli;23/08/2024;agosto;2024.0;61.4;1,358;45.21;BonArea
153;tívoli;12/09/2024;septiembre;2024.0;56.75;1,294;43.86;BonArea
154;tívoli;15/09/2024;septiembre;2024.0;27.7;1,294;21.41;BonArea
155;tívoli;15/09/2024;septiembre;2024.0;30.0;1,585;18.93;Altres
156;tívoli;16/09/2024;septiembre;2024.0;56.2;1,459;38.52;Altres
157;tívoli;20/09/2024;septiembre;2024.0;48.5;1,459;33.24;Altres
158;tívoli;20/09/2024;septiembre;2024.0;30.0;1,519;19.75;Altres
159;tívoli;25/09/2024;septiembre;2024.0;56.23;1,276;44.07;BonArea
160;tívoli;11/10/2024;octubre;2024.0;56.13;1,325;42.36;BonArea
161;tívoli;05/11/2024;noviembre;2024.0;59.88;1,356;44.16;BonArea
162;tívoli;21/11/2024;noviembre;2024.0;41.1;1,343;30.6;BonArea
163;tívoli;28/11/2024;noviembre;2024.0;52.04;1,342;38.78;BonArea
164;tívoli;06/12/2024;diciembre;2024.0;44.57;1,342;33.21;BonArea
165;tívoli;15/12/2024;diciembre;2024.0;57.21;1,342;42.63;BonArea
166;tívoli;21/12/2024;diciembre;2024.0;37.33;1,342;27.82;BonArea
167;tívoli;22/12/2024;diciembre;2024.0;20.0;1,609;12.43;Altres
168;tívoli;23/12/2024;diciembre;2024.0;59.67;1,6;37.29;Altres
169;tívoli;03/01/2025;enero;2025.0;30.0;1,609;18.65;Altres
170;tívoli;10/01/2025;enero;2025.0;45.19;1,391;32.49;BonArea
171;tívoli;04/01/2025;enero;2025.0;30.0;1,91;15.71;BonArea
172;tívoli;10/01/2025;enero;2025.0;45.19;1,391;32.49;BonArea
173;tívoli;22/01/2025;enero;2025.0;44.63;1,402;31.83;BonArea
174;tívoli;08/02/2025;febrero;2025.0;40.32;1,397;28.86;BonArea
175;tívoli;28/02/2025;febrero;2025.0;56.33;1,373;41.03;BonArea
176;tívoli;14/03/2025;marzo;2025.0;54.65;1,33;41.09;BonArea
177;tívoli;27/03/2025;marzo;2025.0;47.11;1,317;35.77;BonArea
178;tívoli;04/04/2025;abril;2025.0;48.68;1,329;36.63;BonArea
179;tívoli;29/04/2025;abril;2025.0;46.95;1,28;36.68;BonArea
180;tívoli;14/05/2025;mayo;2025.0;48.51;1,268;38.26;BonArea
181;tívoli;23/05/2025;mayo;2025.0;49.82;1,294;38.5;BonArea
182;tívoli;29/05/2025;mayo;2025.0;47.57;1,294;36.76;BonArea
183;tívoli;04/07/2025;julio;2025.0;48.62;1,299;37.43;BonArea
184;tívoli;26/07/2025;julio;2025.0;51.88;1,299;39.94;BonArea
185;tívoli;08/08/2025;agosto;2025.0;55.41;1,291;42.92;BonArea
186;tívoli;12/08/2025;agosto;2025.0;19.75;1,292;15.29;BonArea
187;tívoli;12/08/2025;agosto;2025.0;20.0;1,6;12.5;Altres
188;tívoli;18/08/2025;agosto;2025.0;55.81;1,389;40.18;Altres
189;tívoli;19/08/2025;agosto;2025.0;21.95;1,528;14.37;Altres
190;tívoli;25/08/2025;agosto;2025.0;42.25;1,282;32.96;BonArea
191;tívoli;23/08/2025;agosto;2025.0;33.17;1,489;22.28;Altres
192;tívoli;23/08/2025;agosto;2025.0;30.0;1,589;18.88;Altres
193;tívoli;01/09/2025;septiembre;2025.0;39.62;1,291;30.69;BonArea
194;tívoli;06/09/2025;septiembre;2025.0;24.95;1,301;19.18;BonArea
195;tívoli;23/09/2025;septiembre;2025.0;47.98;1,307;36.71;BonArea
196;tívoli;13/10/2025;octubre;2025.0;43.4;1,287;33.72;BonArea
197;tívoli;18/11/2025;noviembre;2025.0;38.01;1,305;29.13;BonArea
198;tívoli;05/12/2025;diciembre;2025.0;30.94;1,315;23.53;BonArea
199;tívoli;18/12/2025;diciembre;2025.0;38.55;1,274;30.26;BonArea
200;tívoli;19/12/2025;diciembre;2025.0;19.12;1,274;15.01;Repsol
201;tívoli;21/12/2025;diciembre;2025.0;20.0;1,574;12.71;Altres
202;tívoli;30/12/2025;diciembre;2025.0;53.3;1,578;33.78;Altres
203;tívoli;05/01/2026;enero;2026.0;39.77;1,578;25.2;Altres
204;tívoli;10/01/2026;enero;2026.0;51.9;1,244;41.72;BonArea
205;tívoli;24/01/2026;enero;2026.0;35.62;1,27;28.05;BonArea
206;tívoli;03/02/2026;febrero;2026.0;33.73;1,281;26.33;BonArea
207;tívoli;11/02/2026;febrero;2026.0;35.83;1,281;27.97;BonArea
208;tívoli;17/01/2026;enero;2026.0;46.63;1,281;36.4;BonArea
209;tívoli;03/03/2026;marzo;2026.0;46.74;1,429;32.71;BonArea
210;tívoli;07/03/2026;marzo;2026.0;30.85;1,453;21.23;BonArea
211;tívoli;17/03/2026;marzo;2026.0;35.58;1,579;22.53;BonArea
212;tívoli;21/03/2026;marzo;2026.0;20.0;1,69;11.83;BonArea
213;tívoli;26/03/2026;marzo;2026.0;20.66;1,354;15.26;BonArea
214;tívoli;04/04/2026;abril;2026.0;27.71;1,332;20.8;BonArea
215;tívoli;16/04/2026;abril;2026.0;42.41;1,409;30.1;BonArea
216;tívoli;23/04/2026;abril;2026.0;30.8;1,337;23.04;BonArea
217;tívoli;15/05/2026;mayo;2026.0;52.08;1,343;38.78;BonArea
218;tívoli;29/05/2026;mayo;2026.0;43.8;1,32;33.18;BonArea
219;tívoli;12/06/2026;junio;2026.0;41.35;1,271;32.53;BonArea
220;tívoli;23/06/2026;junio;2026.0;40.94;1.214;33.72;GasolinaAreaGuissona
221;tívoli;24/07/2026;julio;2026.0;58.59;1.214;48.26;GasolinaAreaGuissona
222;tívoli;27/07/2026;julio;2026.0;24.22;1.214;19.95;GasolinaAreaGuissona
227;tívoli;16/08/2026;agosto;2026.0;30.0;1.809;16.58;Gasolina altres
228;tívoli;18/08/2026;agosto;2026.0;68.46;1.507;45.43;GasolinaAreaGuissona
226;tívoli;15/08/2026;agosto;2026.0;33.97;1.749;19.42;Gasolina altres
225;tívoli;08/08/2026;agosto;2026.0;59.09;1.689;34.99;Gasolina altres
224;tívoli;30/07/2026;julio;2026.0;60.0;1.689;35.52;Gasolina altres
223;tívoli;29/07/2026;julio;2026.0;20.0;1.749;11.44;Gasolina altres
229;tívoli;16/09/2026;septiembre;2026.0;69.62;1.711;40.69;GasolinaAreaGuissona
