idIngres;Banc;Data;dia;mes;any;Categoria;Concepte;Import;comentari;cobrat
541;Efectiu;15/04/2025;15/01/1900;abril;2026.0;ingres_extra;Feina Horeca;365.0;Estovalles Xarrup 3000;cobrat
540;BBVA;19/12/2025;19;diciembre;2025.0;ingres_extra;Feina Foto;55.0;Calendaris Paqui Moreno;cobrat
539;BBVA;18/12/2025;18;diciembre;2025.0;ingres_extra;Feina Foto;18.0;Felicitacions Natàlia Bonilla;cobrat
538;LaCaixa;25/12/2026;25;diciembre;2026.0;ingres_general;Complement Generalitat;68.25;;pendent
537;LaCaixa;25/12/2026;25;diciembre;2026.0;ingres_general;Pensió no contributiva;628.8;;pendent
536;BBVA;25/12/2026;25;diciembre;2026.0;ingres_general;Cartera DP Petit;13.99;;pendent
535;BBVA;25/12/2026;25;diciembre;2026.0;ingres_general;Cartera DP Gran;47.14;;pendent
534;BBVA;25/12/2026;25;diciembre;2026.0;ingres_general;Pensió Isabel;962.5;;pendent
533;BBVA;25/12/2026;25;diciembre;2026.0;ingres_general;Pensió Enric;940.74;;pendent
532;BBVA;21/12/2026;21;diciembre;2026.0;ingres_general;Hisenda 50 2;50.0;;pendent
531;BBVA;21/12/2026;21;diciembre;2026.0;ingres_general;Hisenda 100;100.0;;pendent
530;BBVA;21/12/2026;21;diciembre;2026.0;ingres_general;Hisenda 50 1;50.0;;pendent
529;LaCaixa;25/11/2026;25;noviembre;2026.0;ingres_general;Complement Generalitat;68.25;;pendent
528;BBVA;25/11/2026;25;noviembre;2026.0;ingres_general;Paga extra Isa;951.2;;pendent
527;BBVA;25/11/2026;25;noviembre;2026.0;ingres_general;Paga extra Enric;940.74;;pendent
526;LaCaixa;25/11/2026;25;noviembre;2026.0;ingres_general;Pensió no contributiva;1257.6;;pendent
424;BBVA;25/12/2025;25;diciembre;2025.0;ingres_general;Cartera DP Petit;17.7;;cobrat
423;BBVA;25/12/2025;25;diciembre;2025.0;ingres_general;Cartera DP Gran;42.01;;cobrat
547;BBVA;31/07/2026;31;julio;2026.0;ingres_general;Pensió Isabel;51.6;;cobrat
422;BBVA;25/12/2025;25;diciembre;2025.0;ingres_general;Pensió Isabel;926.13;;cobrat
421;BBVA;25/12/2025;25;diciembre;2025.0;ingres_general;Pensió Enric;916.01;;cobrat
420;BBVA;21/12/2025;21;diciembre;2025.0;ingres_general;Hisenda 50 2;50.0;;cobrat
419;BBVA;21/12/2025;21;diciembre;2025.0;ingres_general;Hisenda 100;100.0;;cobrat
418;BBVA;21/12/2025;21;diciembre;2025.0;ingres_general;Hisenda 50 1;50.0;;cobrat
417;BBVA;15/12/2025;15;diciembre;2025.0;ingres_extra;Subvenció;334.9;Bo social energètic;cobrat
416;LaCaixa;25/11/2025;25;noviembre;2025.0;ingres_general;Complement Generalitat;119.67;;cobrat
415;BBVA;25/11/2025;25;noviembre;2025.0;ingres_general;Paga extra Isa;926.13;;cobrat
414;BBVA;25/11/2025;25;noviembre;2025.0;ingres_general;Paga extra Enric;916.01;;cobrat
413;LaCaixa;25/11/2025;25;noviembre;2025.0;ingres_general;Pensió no contributiva;1129.4;;cobrat
412;BBVA;25/11/2025;25;noviembre;2025.0;ingres_general;Cartera DP Petit;15.28;;cobrat
411;BBVA;25/11/2025;25;noviembre;2025.0;ingres_general;Cartera DP Gran;42.01;;cobrat
410;BBVA;25/11/2025;25;noviembre;2025.0;ingres_general;Pensió Isabel;926.13;;cobrat
409;BBVA;25/11/2025;25;noviembre;2025.0;ingres_general;Pensió Enric;916.01;;cobrat
408;BBVA;21/11/2025;21;noviembre;2025.0;ingres_general;Hisenda 50 2;50.0;;cobrat
407;BBVA;21/11/2025;21;noviembre;2025.0;ingres_general;Hisenda 100;100.0;;cobrat
406;BBVA;21/11/2025;21;noviembre;2025.0;ingres_general;Hisenda 50 1;50.0;;cobrat
405;LaCaixa;25/10/2025;25;octubre;2025.0;ingres_general;Complement Generalitat;119.67;;cobrat
404;LaCaixa;25/10/2025;25;octubre;2025.0;ingres_general;Pensió no contributiva;564.7;;cobrat
403;BBVA;25/10/2025;25;octubre;2025.0;ingres_general;Cartera DP Petit;19.9;;cobrat
402;BBVA;25/10/2025;25;octubre;2025.0;ingres_general;Cartera DP Gran;45.3;;cobrat
401;BBVA;25/10/2025;25;octubre;2025.0;ingres_general;Pensió Isabel;926.13;;cobrat
400;BBVA;25/10/2025;25;octubre;2025.0;ingres_general;Pensió Enric;916.01;;cobrat
399;BBVA;21/10/2025;21;octubre;2025.0;ingres_general;Hisenda 50 2;50.0;;cobrat
398;BBVA;21/10/2025;21;octubre;2025.0;ingres_general;Hisenda 100;100.0;;cobrat
545;Efectiu;28/07/2026;28;julio;2026.0;ingres_extra;Feina Foto;85.0;;cobrat
525;BBVA;25/11/2026;25;noviembre;2026.0;ingres_general;Cartera DP Petit;13.99;;pendent
524;BBVA;25/11/2026;25;noviembre;2026.0;ingres_general;Cartera DP Gran;47.14;;pendent
523;BBVA;25/11/2026;25;noviembre;2026.0;ingres_general;Pensió Isabel;962.5;;pendent
465;BBVA;21/05/2026;21;mayo;2026.0;ingres_general;Hisenda 100;100.0;;cobrat
448;BBVA;21/03/2026;21;marzo;2026.0;ingres_general;Hisenda 50 2;50.0;;cobrat
447;BBVA;21/03/2026;21;marzo;2026.0;ingres_general;Hisenda 100;100.0;;cobrat
446;BBVA;21/03/2026;21;marzo;2026.0;ingres_general;Hisenda 50 1;50.0;;cobrat
445;LaCaixa;25/02/2026;25;febrero;2026.0;ingres_general;Complement Generalitat;68.25;;cobrat
444;LaCaixa;25/02/2026;25;febrero;2026.0;ingres_general;Pensió no contributiva;628.8;;cobrat
443;BBVA;25/02/2026;25;febrero;2026.0;ingres_general;Cartera DP Petit;14.94;;cobrat
442;BBVA;25/02/2026;25;febrero;2026.0;ingres_general;Cartera DP Gran;51.99;;cobrat
441;BBVA;25/02/2026;25;febrero;2026.0;ingres_general;Pensió Isabel;951.2;;cobrat
440;BBVA;25/02/2026;25;febrero;2026.0;ingres_general;Pensió Enric;940.74;;cobrat
439;BBVA;21/02/2026;21;febrero;2026.0;ingres_general;Hisenda 50 2;50.0;;cobrat
438;BBVA;21/02/2026;21;febrero;2026.0;ingres_general;Hisenda 100;100.0;;cobrat
437;BBVA;21/02/2026;21;febrero;2026.0;ingres_general;Hisenda 50 1;50.0;;cobrat
436;BBVA;29/01/2026;29;enero;2026.0;ingres_general;Cartera DP Petit;19.41;;cobrat
435;BBVA;29/01/2026;29;enero;2026.0;ingres_general;Cartera DP Gran;73.06;;cobrat
434;LaCaixa;25/01/2026;25;enero;2026.0;ingres_general;Complement Generalitat;119.67;;cobrat
433;BBVA;25/08/2026;25;agosto;2026.0;ingres_general;Pensió Enric;940.74;;cobrat
432;LaCaixa;25/01/2026;25;enero;2026.0;ingres_general;Pensió no contributiva;628.8;;cobrat
431;BBVA;25/01/2026;25/01/1900;enero;2026.0;ingres_general;Pensió Isabel;951.2;;cobrat
430;BBVA;25/01/2026;25;enero;2026.0;ingres_general;Pensió Enric;940.74;;cobrat
429;BBVA;21/01/2026;21;enero;2026.0;ingres_general;Hisenda 50 2;50.0;;cobrat
428;BBVA;21/01/2026;21;enero;2026.0;ingres_general;Hisenda 100;100.0;;cobrat
427;BBVA;21/01/2026;21;enero;2026.0;ingres_general;Hisenda 50 1;50.0;;cobrat
426;LaCaixa;25/12/2025;25;diciembre;2025.0;ingres_general;Complement Generalitat;119.67;;cobrat
425;LaCaixa;25/12/2025;25;diciembre;2025.0;ingres_general;Pensió no contributiva;564.7;;cobrat
397;BBVA;21/10/2025;21;octubre;2025.0;ingres_general;Hisenda 50 1;50.0;;cobrat
396;LaCaixa;25/09/2025;25;septiembre;2025.0;ingres_general;Complement Generalitat;119.67;;cobrat
544;BBVA;22/12/2026;22;diciembre;2026.0;ingres_extra;Subvenció;337.13;Bo social tèrmic;pendent
478;BBVA;25/06/2026;25;junio;2026.0;ingres_general;Paga extra Enric;940.74;;cobrat
477;BBVA;25/06/2026;25;junio;2026.0;ingres_general;Pensió Isabel;951.2;;cobrat
476;BBVA;25/06/2026;25;junio;2026.0;ingres_general;Pensió Enric;940.74;;cobrat
475;BBVA;21/06/2026;21;junio;2026.0;ingres_general;Hisenda 50 2;50.0;;cobrat
474;BBVA;21/06/2026;21;junio;2026.0;ingres_general;Hisenda 100;100.0;;cobrat
473;BBVA;21/06/2026;21;junio;2026.0;ingres_general;Hisenda 50 1;50.0;;cobrat
472;LaCaixa;25/05/2026;25;mayo;2026.0;ingres_general;Complement Generalitat;68.25;;cobrat
471;LaCaixa;25/05/2026;25;mayo;2026.0;ingres_general;Pensió no contributiva;628.8;;cobrat
470;BBVA;25/05/2026;25;mayo;2026.0;ingres_general;Cartera DP Petit;35.48;;cobrat
469;BBVA;25/05/2026;25;mayo;2026.0;ingres_general;Cartera DP Gran;41.9;;cobrat
468;BBVA;25/05/2026;25;mayo;2026.0;ingres_general;Pensió Isabel;951.2;;cobrat
467;BBVA;25/05/2026;25;mayo;2026.0;ingres_general;Pensió Enric;940.74;;cobrat
466;BBVA;21/05/2026;21;mayo;2026.0;ingres_general;Hisenda 50 2;50.0;;cobrat
464;BBVA;21/05/2026;21;mayo;2026.0;ingres_general;Hisenda 50 1;50.0;;cobrat
463;LaCaixa;25/04/2026;25;abril;2026.0;ingres_general;Complement Generalitat;68.25;;cobrat
462;LaCaixa;25/04/2026;25;abril;2026.0;ingres_general;Pensió no contributiva;628.8;;cobrat
461;BBVA;25/04/2026;25;abril;2026.0;ingres_general;Cartera DP Petit;20.11;;cobrat
460;BBVA;25/04/2026;25;abril;2026.0;ingres_general;Cartera DP Gran;48.89;;cobrat
459;BBVA;25/04/2026;25;abril;2026.0;ingres_general;Pensió Isabel;951.2;;cobrat
458;BBVA;25/04/2026;25;abril;2026.0;ingres_general;Pensió Enric;940.74;;cobrat
457;BBVA;21/04/2026;21;abril;2026.0;ingres_general;Hisenda 50 2;50.0;;cobrat
456;BBVA;21/04/2026;21;abril;2026.0;ingres_general;Hisenda 100;100.0;;cobrat
455;BBVA;21/04/2026;21;abril;2026.0;ingres_general;Hisenda 50 1;50.0;;cobrat
454;LaCaixa;25/03/2026;25;marzo;2026.0;ingres_general;Complement Generalitat;68.25;;cobrat
453;LaCaixa;25/03/2026;25;marzo;2026.0;ingres_general;Pensió no contributiva;628.8;;cobrat
452;BBVA;25/03/2026;25;marzo;2026.0;ingres_general;Cartera DP Petit;0.0;;cobrat
451;BBVA;25/03/2026;25;marzo;2026.0;ingres_general;Cartera DP Gran;45.4;;cobrat
450;BBVA;25/03/2026;25;marzo;2026.0;ingres_general;Pensió Isabel;951.2;;cobrat
449;BBVA;25/03/2026;25;marzo;2026.0;ingres_general;Pensió Enric;940.74;;cobrat
503;BBVA;21/09/2026;21;septiembre;2026.0;ingres_general;Hisenda 50 2;50.0;;cobrat
502;BBVA;21/09/2026;21;septiembre;2026.0;ingres_general;Hisenda 100;100.0;;cobrat
501;BBVA;21/09/2026;21;septiembre;2026.0;ingres_general;Hisenda 50 1;50.0;;cobrat
500;LaCaixa;25/08/2026;25;agosto;2026.0;ingres_general;Complement Generalitat;68.25;;cobrat
499;LaCaixa;25/08/2026;25;agosto;2026.0;ingres_general;Pensió no contributiva;628.8;;cobrat
498;BBVA;25/08/2026;25;agosto;2026.0;ingres_general;Cartera DP Petit;17.1;;cobrat
497;BBVA;25/08/2026;25;agosto;2026.0;ingres_general;Cartera DP Gran;39.37;;cobrat
496;BBVA;25/08/2026;25;agosto;2026.0;ingres_general;Pensió Isabel;962.5;;cobrat
495;BBVA;21/08/2026;21;agosto;2026.0;ingres_general;Hisenda 50 2;50.0;;cobrat
494;BBVA;21/08/2026;21;agosto;2026.0;ingres_general;Hisenda 100;100.0;;cobrat
493;BBVA;21/08/2026;21;agosto;2026.0;ingres_general;Hisenda 50 1;50.0;;cobrat
492;LaCaixa;25/07/2026;25;julio;2026.0;ingres_general;Complement Generalitat;68.25;;cobrat
491;LaCaixa;25/07/2026;25;julio;2026.0;ingres_general;Pensió no contributiva;628.8;;cobrat
490;BBVA;25/07/2026;25;julio;2026.0;ingres_general;Cartera DP Petit;22.13;;cobrat
489;BBVA;25/07/2026;25;julio;2026.0;ingres_general;Cartera DP Gran;46.36;;cobrat
488;BBVA;25/07/2026;25;julio;2026.0;ingres_general;Pensió Isabel;951.2;;cobrat
487;BBVA;25/07/2026;25;julio;2026.0;ingres_general;Pensió Enric;940.74;;cobrat
486;BBVA;21/07/2026;21;julio;2026.0;ingres_general;Hisenda 50 2;50.0;;cobrat
485;BBVA;21/07/2026;21;julio;2026.0;ingres_general;Hisenda 100;100.0;;cobrat
484;BBVA;21/07/2026;21;julio;2026.0;ingres_general;Hisenda 50 1;50.0;;cobrat
483;LaCaixa;25/06/2026;25;junio;2026.0;ingres_general;Complement Generalitat;68.25;;cobrat
482;LaCaixa;25/06/2026;25;junio;2026.0;ingres_general;Pensió no contributiva;1257.6;;cobrat
481;BBVA;25/06/2026;25;junio;2026.0;ingres_general;Cartera DP Petit;19.21;;cobrat
480;BBVA;25/06/2026;25;junio;2026.0;ingres_general;Cartera DP Gran;45.4;;cobrat
479;BBVA;25/06/2026;25;junio;2026.0;ingres_general;Paga extra Isa;951.2;;cobrat
395;LaCaixa;25/09/2025;25;septiembre;2025.0;ingres_general;Pensió no contributiva;564.7;;cobrat
394;BBVA;25/09/2025;25;septiembre;2025.0;ingres_general;Cartera DP Petit;15.26;;cobrat
393;BBVA;25/09/2025;25;septiembre;2025.0;ingres_general;Cartera DP Gran;42.01;;cobrat
392;BBVA;25/09/2025;25;septiembre;2025.0;ingres_general;Pensió Isabel;926.13;;cobrat
391;BBVA;25/09/2025;25;septiembre;2025.0;ingres_general;Pensió Enric;916.01;;cobrat
390;BBVA;21/09/2025;21;septiembre;2025.0;ingres_general;Hisenda 50 2;50.0;;cobrat
389;BBVA;21/09/2025;21;septiembre;2025.0;ingres_general;Hisenda 100;100.0;;cobrat
388;BBVA;21/09/2025;21;septiembre;2025.0;ingres_general;Hisenda 50 1;50.0;;cobrat
387;BBVA;06/09/2025;06;septiembre;2025.0;ingres_extra;Feina Foto;280.0;festa Lidia ;cobrat
386;LaCaixa;25/08/2025;25;agosto;2025.0;ingres_general;Complement Generalitat;119.67;;cobrat
522;BBVA;25/11/2026;25;noviembre;2026.0;ingres_general;Pensió Enric;940.74;;pendent
521;BBVA;21/11/2026;21;noviembre;2026.0;ingres_general;Hisenda 50 2;50.0;;pendent
42;BBVA;29/01/2023;29;enero;2023.0;ingres_general;Cartera DP Petit;22.74;;cobrat
520;BBVA;21/11/2026;21;noviembre;2026.0;ingres_general;Hisenda 100;100.0;;pendent
519;BBVA;21/11/2026;21;noviembre;2026.0;ingres_general;Hisenda 50 1;50.0;;pendent
518;LaCaixa;25/10/2026;25;octubre;2026.0;ingres_general;Complement Generalitat;68.25;;pendent
517;LaCaixa;25/10/2026;25;octubre;2026.0;ingres_general;Pensió no contributiva;628.8;;pendent
41;BBVA;29/01/2023;29;enero;2023.0;ingres_general;Cartera DP Gran;80.01;;cobrat
40;BBVA;28/01/2023;28;enero;2023.0;ingres_general;Hisenda 50 2;50.0;;cobrat
39;BBVA;28/01/2023;28;enero;2023.0;ingres_general;Hisenda 100;100.0;;cobrat
38;BBVA;28/01/2023;28;enero;2023.0;ingres_general;Hisenda 50 1;50.0;;cobrat
37;LaCaixa;25/01/2023;25;enero;2023.0;ingres_general;Complement Generalitat;172.07;;cobrat
36;LaCaixa;25/01/2023;25;enero;2023.0;ingres_general;Pensió no contributiva;484.61;;cobrat
35;Efectiu;14/01/2023;14;enero;2023.0;ingres_extra;Feina Foto;150.0;Lidia Cerrillo;cobrat
34;BBVA;14/01/2023;14;enero;2023.0;ingres_extra;Subvenció;156.65;;cobrat
33;BBVA;10/01/2023;10;enero;2023.0;ingres_general;Abonament Ajuda Enric;463.21;;cobrat
32;BBVA;10/01/2023;10;enero;2023.0;ingres_general;Abonament Ajuda Isabel;463.21;;cobrat
31;Efectiu;31/12/2022;31;diciembre;2022.0;ingres_extra;Ingres Extra;100.0;Loteria;cobrat
30;BBVA;29/12/2022;29;diciembre;2022.0;ingres_general;Cartera DP Petit;25.18;;cobrat
29;BBVA;29/12/2022;29;diciembre;2022.0;ingres_general;Cartera DP Gran;47.14;;cobrat
28;BBVA;28/12/2022;28;diciembre;2022.0;ingres_general;Hisenda 50 2;50.0;;cobrat
27;BBVA;28/12/2022;28;diciembre;2022.0;ingres_general;Hisenda 100;100.0;;cobrat
26;BBVA;28/12/2022;28;diciembre;2022.0;ingres_general;Hisenda 50 1;50.0;;cobrat
25;LaCaixa;25/12/2022;25;diciembre;2022.0;ingres_general;Complement Generalitat;172.07;;cobrat
516;BBVA;25/10/2026;25;octubre;2026.0;ingres_general;Cartera DP Petit;13.99;;pendent
515;BBVA;25/10/2026;25;octubre;2026.0;ingres_general;Cartera DP Gran;47.14;;pendent
514;BBVA;25/10/2026;25;octubre;2026.0;ingres_general;Pensió Isabel;962.5;;pendent
513;BBVA;25/10/2026;25;octubre;2026.0;ingres_general;Pensió Enric;940.74;;pendent
512;BBVA;21/10/2026;21;octubre;2026.0;ingres_general;Hisenda 50 2;50.0;;pendent
511;BBVA;21/10/2026;21;octubre;2026.0;ingres_general;Hisenda 100;100.0;;pendent
510;BBVA;21/10/2026;21;octubre;2026.0;ingres_general;Hisenda 50 1;50.0;;pendent
509;LaCaixa;25/09/2026;25;septiembre;2026.0;ingres_general;Complement Generalitat;68.25;;pendent
508;LaCaixa;25/09/2026;25;septiembre;2026.0;ingres_general;Pensió no contributiva;628.8;;pendent
507;BBVA;25/09/2026;25;septiembre;2026.0;ingres_general;Cartera DP Petit;13.99;;pendent
506;BBVA;25/09/2026;25;septiembre;2026.0;ingres_general;Cartera DP Gran;47.14;;pendent
505;BBVA;25/09/2026;25;septiembre;2026.0;ingres_general;Pensió Isabel;962.5;;cobrat
504;BBVA;25/09/2026;25;septiembre;2026.0;ingres_general;Pensió Enric;940.74;;cobrat
385;LaCaixa;25/08/2025;25;agosto;2025.0;ingres_general;Pensió no contributiva;564.7;;cobrat
384;BBVA;25/08/2025;25;agosto;2025.0;ingres_general;Cartera DP Petit;15.26;;cobrat
383;BBVA;25/08/2025;25;agosto;2025.0;ingres_general;Cartera DP Gran;42.01;;cobrat
542;BBVA;30/04/2026;30;abril;2026.0;ingres_extra;Devolució Hisenda;133.53;;cobrat
382;BBVA;25/08/2025;25;agosto;2025.0;ingres_general;Pensió Isabel;926.13;;cobrat
381;BBVA;25/08/2025;25;agosto;2025.0;ingres_general;Pensió Enric;916.01;;cobrat
380;BBVA;21/08/2025;21;agosto;2025.0;ingres_general;Hisenda 50 2;50.0;;cobrat
379;BBVA;21/08/2025;21;agosto;2025.0;ingres_general;Hisenda 100;100.0;;cobrat
378;BBVA;21/08/2025;21;agosto;2025.0;ingres_general;Hisenda 50 1;50.0;;cobrat
377;LaCaixa;25/07/2025;25;julio;2025.0;ingres_general;Complement Generalitat;119.67;;cobrat
376;LaCaixa;25/07/2025;25;julio;2025.0;ingres_general;Pensió no contributiva;564.7;;cobrat
375;BBVA;25/07/2025;25;julio;2025.0;ingres_general;Cartera DP Petit;19.89;;cobrat
374;BBVA;25/07/2025;25;julio;2025.0;ingres_general;Cartera DP Gran;45.3;;cobrat
373;BBVA;25/07/2025;25;julio;2025.0;ingres_general;Pensió Isabel;926.13;;cobrat
372;BBVA;25/07/2025;25;julio;2025.0;ingres_general;Pensió Enric;916.01;;cobrat
371;BBVA;21/07/2025;21;julio;2025.0;ingres_general;Hisenda 50 2;50.0;;cobrat
370;BBVA;21/07/2025;21;julio;2025.0;ingres_general;Hisenda 100;100.0;;cobrat
369;BBVA;21/07/2025;21;julio;2025.0;ingres_general;Hisenda 50 1;50.0;;cobrat
368;BBVA;18/07/2025;18;julio;2025.0;ingres_extra;Feina Foto;50.0;Olga Coris 74 10x15;cobrat
367;Efectiu;15/07/2025;15;julio;2025.0;ingres_extra;Feina Horeca;350.0;Estovalles Xarrup;cobrat
366;LaCaixa;25/06/2025;25;junio;2025.0;ingres_general;Complement Generalitat;119.67;;cobrat
365;LaCaixa;25/06/2025;25;junio;2025.0;ingres_general;Pensió no contributiva;1129.4;;cobrat
364;BBVA;25/06/2025;25;junio;2025.0;ingres_general;Cartera DP Petit;17.25;;cobrat
363;BBVA;25/06/2025;25;junio;2025.0;ingres_general;Cartera DP Gran;42.01;;cobrat
362;BBVA;25/06/2025;25;junio;2025.0;ingres_general;Paga extra Isa;926.13;;cobrat
361;BBVA;25/06/2025;25;junio;2025.0;ingres_general;Paga extra Enric;916.01;;cobrat
360;BBVA;25/06/2025;25;junio;2025.0;ingres_general;Pensió Isabel;926.13;;cobrat
359;BBVA;25/06/2025;25;junio;2025.0;ingres_general;Pensió Enric;916.01;;cobrat
358;BBVA;21/06/2025;21;junio;2025.0;ingres_general;Hisenda 50 2;50.0;;cobrat
357;BBVA;21/06/2025;21;junio;2025.0;ingres_general;Hisenda 100;100.0;;cobrat
356;BBVA;21/06/2025;21;junio;2025.0;ingres_general;Hisenda 50 1;50.0;;cobrat
355;LaCaixa;25/05/2025;25;mayo;2025.0;ingres_general;Complement Generalitat;119.67;;cobrat
354;LaCaixa;25/05/2025;25;mayo;2025.0;ingres_general;Pensió no contributiva;564.7;;cobrat
353;BBVA;25/05/2025;25;mayo;2025.0;ingres_general;Cartera DP Petit;35.06;;cobrat
352;BBVA;25/05/2025;25;mayo;2025.0;ingres_general;Cartera DP Gran;42.01;;cobrat
351;BBVA;25/05/2025;25;mayo;2025.0;ingres_general;Pensió Isabel;926.13;;cobrat
350;BBVA;25/05/2025;25;mayo;2025.0;ingres_general;Pensió Enric;916.01;;cobrat
349;BBVA;21/05/2025;21;mayo;2025.0;ingres_general;Hisenda 50 2;50.0;;cobrat
348;BBVA;21/05/2025;21;mayo;2025.0;ingres_general;Hisenda 100;100.0;;cobrat
347;BBVA;21/05/2025;21;mayo;2025.0;ingres_general;Hisenda 50 1;50.0;;cobrat
346;BBVA;30/04/2025;30;abril;2025.0;ingres_extra;Devolució Hisenda;142.19;;cobrat
345;LaCaixa;25/04/2025;25;abril;2025.0;ingres_general;Complement Generalitat;119.67;;cobrat
344;LaCaixa;25/04/2025;25;abril;2025.0;ingres_general;Pensió no contributiva;564.7;;cobrat
343;BBVA;25/04/2025;25;abril;2025.0;ingres_general;Cartera DP Petit;19.65;;cobrat
342;BBVA;25/04/2025;25;abril;2025.0;ingres_general;Cartera DP Gran;45.3;;cobrat
341;BBVA;25/04/2025;25;abril;2025.0;ingres_general;Pensió Isabel;926.13;;cobrat
340;BBVA;25/04/2025;25;abril;2025.0;ingres_general;Pensió Enric;916.01;;cobrat
339;BBVA;21/04/2025;21;abril;2025.0;ingres_general;Hisenda 50 2;50.0;;cobrat
338;BBVA;21/04/2025;21;abril;2025.0;ingres_general;Hisenda 100;100.0;;cobrat
337;BBVA;21/04/2025;21;abril;2025.0;ingres_general;Hisenda 50 1;50.0;;cobrat
336;LaCaixa;25/03/2025;25;marzo;2025.0;ingres_general;Complement Generalitat;119.67;;cobrat
335;LaCaixa;25/03/2025;25;marzo;2025.0;ingres_general;Pensió no contributiva;564.7;;cobrat
334;BBVA;25/03/2025;25;marzo;2025.0;ingres_general;Cartera DP Petit;14.35;;cobrat
333;BBVA;25/03/2025;25;marzo;2025.0;ingres_general;Cartera DP Gran;42.01;;cobrat
332;BBVA;25/03/2025;25;marzo;2025.0;ingres_general;Pensió Isabel;926.13;;cobrat
331;BBVA;25/03/2025;25;marzo;2025.0;ingres_general;Pensió Enric;916.01;;cobrat
330;BBVA;21/03/2025;21;marzo;2025.0;ingres_general;Hisenda 50 2;50.0;;cobrat
329;BBVA;21/03/2025;21;marzo;2025.0;ingres_general;Hisenda 100;100.0;;cobrat
328;BBVA;21/03/2025;21;marzo;2025.0;ingres_general;Hisenda 50 1;50.0;;cobrat
327;LaCaixa;25/02/2025;25;febrero;2025.0;ingres_general;Complement Generalitat;119.67;;cobrat
326;LaCaixa;25/02/2025;25;febrero;2025.0;ingres_general;Pensió no contributiva;564.7;;cobrat
325;BBVA;25/02/2025;25;febrero;2025.0;ingres_general;Cartera DP Petit;14.058;;cobrat
324;BBVA;25/02/2025;25;febrero;2025.0;ingres_general;Cartera DP Gran;42.01;;cobrat
323;BBVA;25/02/2025;25;febrero;2025.0;ingres_general;Pensió Isabel;926.13;;cobrat
322;BBVA;25/02/2025;25;febrero;2025.0;ingres_general;Pensió Enric;916.01;;cobrat
321;BBVA;21/02/2025;21;febrero;2025.0;ingres_general;Hisenda 50 2;50.0;;cobrat
320;BBVA;21/02/2025;21;febrero;2025.0;ingres_general;Hisenda 100;100.0;;cobrat
319;BBVA;21/02/2025;21;febrero;2025.0;ingres_general;Hisenda 50 1;50.0;;cobrat
318;Efectiu;08/02/2025;08;febrero;2025.0;ingres_extra;Venda Articles;925.0;Venta Or. Girona;cobrat
317;BBVA;04/02/2025;04;febrero;2025.0;ingres_extra;Venda Articles;1750.0;Venda Or;cobrat
316;BBVA;29/01/2025;29;enero;2025.0;ingres_general;Cartera DP Petit;18.02;;cobrat
315;BBVA;29/01/2025;29;enero;2025.0;ingres_general;Cartera DP Gran;63.26;;cobrat
314;LaCaixa;25/01/2025;25;enero;2025.0;ingres_general;Complement Generalitat;119.67;;cobrat
313;LaCaixa;25/01/2025;25;enero;2025.0;ingres_general;Pensió no contributiva;564.7;;cobrat
312;BBVA;25/01/2025;25/01/1900;enero;2025.0;ingres_general;Pensió Isabel;926.13;;cobrat
311;BBVA;25/01/2025;25;enero;2025.0;ingres_general;Pensió Enric;916.01;;cobrat
310;BBVA;21/01/2025;21;enero;2025.0;ingres_general;Hisenda 50 2;50.0;;cobrat
309;BBVA;21/01/2025;21;enero;2025.0;ingres_general;Hisenda 100;100.0;;cobrat
308;BBVA;21/01/2025;21;enero;2025.0;ingres_general;Hisenda 50 1;50.0;;cobrat
307;Efectiu;16/01/2025;16;enero;2025.0;ingres_extra;Feina Foto;30.0;Fotos Paqui Moreno;cobrat
306;Efectiu;11/01/2025;11;enero;2025.0;ingres_extra;Feina Foto;300.0;Festa Lidia Cerrillo;cobrat
305;BBVA;30/12/2024;30;diciembre;2024.0;ingres_general;Hisenda 50 2;50.0;;cobrat
304;BBVA;30/12/2024;30;diciembre;2024.0;ingres_general;Hisenda 100;100.0;;cobrat
303;BBVA;30/12/2024;30;diciembre;2024.0;ingres_general;Hisenda 50 1;50.0;;cobrat
302;LaCaixa;25/12/2024;25;diciembre;2024.0;ingres_general;Complement Generalitat;151.6;;cobrat
301;LaCaixa;25/12/2024;25;diciembre;2024.0;ingres_general;Pensió no contributiva;517.9;;cobrat
300;BBVA;25/12/2024;25;diciembre;2024.0;ingres_general;Cartera DP Petit;15.93;;cobrat
299;BBVA;25/12/2024;25;diciembre;2024.0;ingres_general;Cartera DP Gran;43.91;;cobrat
298;BBVA;25/12/2024;25;diciembre;2024.0;ingres_general;Pensió Isabel;897.46;;cobrat
297;BBVA;25/12/2024;25;diciembre;2024.0;ingres_general;Pensió Enric;891.06;;cobrat
296;BBVA;20/12/2024;20;diciembre;2024.0;ingres_extra;Feina Foto;36.0;Felicitacions Bonilla;cobrat
295;Efectiu;20/12/2024;20;diciembre;2024.0;ingres_extra;Feina Foto;48.0;Calendaris Paqui Moreno;cobrat
294;Efectiu;05/12/2024;05;diciembre;2024.0;ingres_extra;Feina Foto;53.0;Fotos Olga Coris;cobrat
293;Efectiu;30/11/2024;30;noviembre;2024.0;ingres_extra;Feina Horeca;300.0;Estovalles Xarrup 3000;cobrat
292;BBVA;30/11/2024;30;noviembre;2024.0;ingres_extra;Subvenció;343.31;Bo social;cobrat
291;BBVA;30/11/2024;30;noviembre;2024.0;ingres_general;Hisenda 50 2;50.0;;cobrat
290;BBVA;30/11/2024;30;noviembre;2024.0;ingres_general;Hisenda 100;100.0;;cobrat
289;BBVA;30/11/2024;30;noviembre;2024.0;ingres_general;Hisenda 50 1;50.0;;cobrat
288;LaCaixa;25/11/2024;25;noviembre;2024.0;ingres_general;Complement Generalitat;151.6;;cobrat
287;BBVA;25/11/2024;25;noviembre;2024.0;ingres_general;Paga extra Isa;897.46;;cobrat
286;BBVA;25/11/2024;25;noviembre;2024.0;ingres_general;Paga extra Enric;891.06;;cobrat
285;LaCaixa;25/11/2024;25;noviembre;2024.0;ingres_general;Pensió no contributiva;1035.8;;cobrat
284;BBVA;25/11/2024;25;noviembre;2024.0;ingres_general;Cartera DP Petit;13.68;;cobrat
283;BBVA;25/11/2024;25;noviembre;2024.0;ingres_general;Cartera DP Gran;43.91;;cobrat
282;BBVA;25/11/2024;25;noviembre;2024.0;ingres_general;Pensió Isabel;897.46;;cobrat
281;BBVA;25/11/2024;25;noviembre;2024.0;ingres_general;Pensió Enric;891.06;;cobrat
280;Efectiu;21/11/2024;21;noviembre;2024.0;ingres_extra;Feina Horeca;600.0;Calendaris Dentista;cobrat
279;BBVA;30/10/2024;30;octubre;2024.0;ingres_general;Hisenda 50 2;50.0;;cobrat
278;BBVA;30/10/2024;30;octubre;2024.0;ingres_general;Hisenda 100;100.0;;cobrat
277;BBVA;30/10/2024;30;octubre;2024.0;ingres_general;Hisenda 50 1;50.0;;cobrat
276;LaCaixa;25/10/2024;25;octubre;2024.0;ingres_general;Complement Generalitat;151.6;;cobrat
275;LaCaixa;25/10/2024;25;octubre;2024.0;ingres_general;Pensió no contributiva;517.9;;cobrat
274;BBVA;25/10/2024;25;octubre;2024.0;ingres_general;Cartera DP Petit;17.99;;cobrat
272;BBVA;25/10/2024;25;octubre;2024.0;ingres_general;Pensió Isabel;897.46;;cobrat
271;BBVA;25/10/2024;25;octubre;2024.0;ingres_general;Pensió Enric;891.06;;cobrat
270;BBVA;30/09/2024;30;septiembre;2024.0;ingres_general;Hisenda 50 2;50.0;;cobrat
268;BBVA;30/09/2024;30;septiembre;2024.0;ingres_general;Hisenda 50 1;50.0;;cobrat
267;LaCaixa;25/09/2024;25;septiembre;2024.0;ingres_general;Complement Generalitat;151.6;;cobrat
266;LaCaixa;25/09/2024;25;septiembre;2024.0;ingres_general;Pensió no contributiva;517.9;;cobrat
265;BBVA;25/09/2024;25;septiembre;2024.0;ingres_general;Cartera DP Petit;13.65;;cobrat
264;BBVA;25/09/2024;25;septiembre;2024.0;ingres_general;Cartera DP Gran;43.91;;cobrat
263;BBVA;25/09/2024;25;septiembre;2024.0;ingres_general;Pensió Isabel;897.46;;cobrat
262;BBVA;25/09/2024;25;septiembre;2024.0;ingres_general;Pensió Enric;891.06;;cobrat
273;BBVA;25/10/2024;25;octubre;2024.0;ingres_general;Cartera DP Gran;47.02;;cobrat
269;BBVA;30/09/2024;30;septiembre;2024.0;ingres_general;Hisenda 100;100.0;;cobrat
261;BBVA;30/08/2024;30;agosto;2024.0;ingres_general;Hisenda 50 2;50.0;;cobrat
260;BBVA;30/08/2024;30;agosto;2024.0;ingres_general;Hisenda 100;100.0;;cobrat
259;BBVA;30/08/2024;30;agosto;2024.0;ingres_general;Hisenda 50 1;50.0;;cobrat
258;LaCaixa;25/08/2024;25;agosto;2024.0;ingres_general;Complement Generalitat;151.6;;cobrat
257;LaCaixa;25/08/2024;25;agosto;2024.0;ingres_general;Pensió no contributiva;517.9;;cobrat
256;BBVA;25/08/2024;25;agosto;2024.0;ingres_general;Cartera DP Petit;13.65;;cobrat
255;BBVA;25/08/2024;25;agosto;2024.0;ingres_general;Cartera DP Gran;43.91;;cobrat
254;BBVA;25/08/2024;25;agosto;2024.0;ingres_general;Pensió Isabel;897.46;;cobrat
253;BBVA;25/08/2024;25;agosto;2024.0;ingres_general;Pensió Enric;891.06;;cobrat
252;Efectiu;12/08/2024;12;agosto;2024.0;ingres_extra;Feina Foto;280.0;Festa Lidia Cerrillo;cobrat
250;BBVA;30/07/2024;30;julio;2024.0;ingres_general;Hisenda 50 2;50.0;;cobrat
249;BBVA;30/07/2024;30;julio;2024.0;ingres_general;Hisenda 100;100.0;;cobrat
248;BBVA;30/07/2024;30;julio;2024.0;ingres_general;Hisenda 50 1;50.0;;cobrat
247;LaCaixa;25/07/2024;25;julio;2024.0;ingres_general;Complement Generalitat;151.6;;cobrat
246;LaCaixa;25/07/2024;25;julio;2024.0;ingres_general;Pensió no contributiva;517.9;;cobrat
244;BBVA;25/07/2024;25;julio;2024.0;ingres_general;Cartera DP Gran;47.02;;cobrat
243;BBVA;25/07/2024;25;julio;2024.0;ingres_general;Pensió Isabel;897.46;;cobrat
242;BBVA;25/07/2024;25;julio;2024.0;ingres_general;Pensió Enric;891.06;;cobrat
241;BBVA;22/07/2024;22;julio;2024.0;ingres_extra;Gelt;20.0;;cobrat
240;BBVA;30/06/2024;30;junio;2024.0;ingres_general;Hisenda 50 2;50.0;;cobrat
239;BBVA;30/06/2024;30;junio;2024.0;ingres_general;Hisenda 100;100.0;;cobrat
238;BBVA;30/06/2024;30;junio;2024.0;ingres_general;Hisenda 50 1;50.0;;cobrat
237;LaCaixa;25/06/2024;25;junio;2024.0;ingres_general;Complement Generalitat;151.6;;cobrat
236;LaCaixa;25/06/2024;25;junio;2024.0;ingres_general;Pensió no contributiva;1035.8;;cobrat
235;BBVA;25/06/2024;25;junio;2024.0;ingres_general;Cartera DP Petit;17.92;;cobrat
234;BBVA;25/06/2024;25;junio;2024.0;ingres_general;Cartera DP Gran;56.64;;cobrat
233;BBVA;25/06/2024;25;junio;2024.0;ingres_general;Paga extra Isa;448.73;;cobrat
232;BBVA;25/06/2024;25;junio;2024.0;ingres_general;Paga extra Enric;445.53;;cobrat
231;BBVA;25/06/2024;25;junio;2024.0;ingres_general;Pensió Isabel;897.46;;cobrat
230;BBVA;25/06/2024;25;junio;2024.0;ingres_general;Pensió Enric;891.06;;cobrat
229;Efectiu;15/06/2024;15;junio;2024.0;ingres_extra;Ingres Extra;33.5;retorn banderetes carrer;cobrat
228;Efectiu;15/06/2024;15;junio;2024.0;ingres_extra;Feina Horeca;125.0;Cartell Xarrup 2024;cobrat
227;Efectiu;15/06/2024;15;junio;2024.0;ingres_extra;Feina Horeca;365.0;Cartes Xarrup 2024;cobrat
225;BBVA;03/06/2024;03;junio;2024.0;ingres_extra;Ingres Extra;1235.0;Venda Seat Ibiza;cobrat
224;BBVA;30/05/2024;30;mayo;2024.0;ingres_general;Hisenda 50 2;50.0;;cobrat
223;BBVA;30/05/2024;30;mayo;2024.0;ingres_general;Hisenda 100;100.0;;cobrat
222;BBVA;30/05/2024;30;mayo;2024.0;ingres_general;Hisenda 50 1;50.0;;cobrat
221;LaCaixa;25/05/2024;25;mayo;2024.0;ingres_general;Complement Generalitat;151.6;;cobrat
220;LaCaixa;25/05/2024;25;mayo;2024.0;ingres_general;Pensió no contributiva;517.9;;cobrat
219;BBVA;25/05/2024;25;mayo;2024.0;ingres_general;Cartera DP Petit;32.4;;cobrat
218;BBVA;25/05/2024;25;mayo;2024.0;ingres_general;Cartera DP Gran;44.66;;cobrat
217;BBVA;25/05/2024;25;mayo;2024.0;ingres_general;Pensió Isabel;897.46;;cobrat
216;BBVA;25/05/2024;25;mayo;2024.0;ingres_general;Pensió Enric;891.06;;cobrat
211;BBVA;25/04/2024;25;abril;2024.0;ingres_general;Pensió Isabel;0.0;;cobrat
210;LaCaixa;25/04/2024;25;abril;2024.0;ingres_general;Complement Generalitat;151.6;;cobrat
207;BBVA;25/04/2024;25;abril;2024.0;ingres_general;Cartera DP Gran;44.84;;cobrat
206;BBVA;25/04/2024;25;abril;2024.0;ingres_general;Pensió Isabel;897.46;;cobrat
205;BBVA;25/04/2024;25;abril;2024.0;ingres_general;Pensió Enric;1121.01;;cobrat
200;BBVA;31/03/2024;31;marzo;2024.0;ingres_general;Hisenda 100;100.0;;cobrat
199;BBVA;31/03/2024;31;marzo;2024.0;ingres_general;Hisenda 50 1;50.0;;cobrat
197;LaCaixa;25/03/2024;25;marzo;2024.0;ingres_general;Complement Generalitat;151.6;;cobrat
196;LaCaixa;25/03/2024;25;marzo;2024.0;ingres_general;Pensió no contributiva;517.9;;cobrat
195;BBVA;25/03/2024;25;marzo;2024.0;ingres_general;Cartera DP Petit;15.18;;cobrat
194;BBVA;25/03/2024;25;marzo;2024.0;ingres_general;Cartera DP Gran;51.99;;cobrat
189;BBVA;28/02/2024;28;febrero;2024.0;ingres_general;Hisenda 100;100.0;;cobrat
188;BBVA;28/02/2024;28;febrero;2024.0;ingres_general;Hisenda 50 1;50.0;;cobrat
179;BBVA;29/01/2024;29;enero;2024.0;ingres_general;Cartera DP Gran;73.06;;cobrat
251;BBVA;06/08/2024;06;agosto;2024.0;ingres_extra;Vinted;46.7;;cobrat
245;BBVA;25/07/2024;25;julio;2024.0;ingres_general;Cartera DP Petit;17.97;;cobrat
226;BBVA;10/06/2024;10;junio;2024.0;ingres_extra;Promos;10.0;;cobrat
215;BBVA;22/05/2024;22/01/1900;mayo;2024.0;ingres_extra;Crèdit;11000.0;Cotxe;cobrat
214;BBVA;30/04/2024;30;abril;2024.0;ingres_general;Hisenda 50 2;50.0;;cobrat
213;BBVA;30/04/2024;30;abril;2024.0;ingres_general;Hisenda 100;100.0;;cobrat
212;BBVA;30/04/2024;30;abril;2024.0;ingres_general;Hisenda 50 1;50.0;;cobrat
209;LaCaixa;25/04/2024;25;abril;2024.0;ingres_general;Pensió no contributiva;517.9;;cobrat
208;BBVA;25/04/2024;25;abril;2024.0;ingres_general;Cartera DP Petit;20.11;;cobrat
204;BBVA;10/04/2024;10/01/1900;abril;2024.0;ingres_extra;Devolució Hisenda;152.56;;cobrat
203;BBVA;10/04/2024;10/01/1900;abril;2024.0;ingres_general;Abonament Ajuda Enric;368.0;;cobrat
202;BBVA;10/04/2024;10/01/1900;abril;2024.0;ingres_general;Abonament Ajuda Isabel;96.0;;cobrat
198;Efectiu;25/03/2024;25/01/1900;marzo;2024.0;ingres_extra;Feina Horeca;300.0;Estovalles Xarrup;cobrat
193;BBVA;25/03/2024;25;marzo;2024.0;ingres_general;Pensió Isabel;480.0;;cobrat
192;BBVA;25/03/2024;25;marzo;2024.0;ingres_general;Pensió Enric;480.0;;cobrat
191;Efectiu;08/03/2024;08/01/1900;marzo;2024.0;ingres_extra;Feina Foto;230.0;Festa Lidia Cerrillo;cobrat
190;BBVA;28/02/2024;28;febrero;2024.0;ingres_general;Hisenda 50 2;50.0;;cobrat
178;BBVA;28/01/2024;28;enero;2024.0;ingres_general;Hisenda 50 2;50.0;;cobrat
177;BBVA;28/01/2024;28;enero;2024.0;ingres_general;Hisenda 100;100.0;;cobrat
176;BBVA;28/01/2024;28;enero;2024.0;ingres_general;Hisenda 50 1;50.0;;cobrat
175;LaCaixa;25/01/2024;25;enero;2024.0;ingres_general;Complement Generalitat;112.88;;cobrat
174;LaCaixa;25/01/2024;25;enero;2024.0;ingres_general;Pensió no contributiva;517.9;;cobrat
173;Efectiu;13/01/2024;13;enero;2024.0;ingres_extra;Feina Foto;50.0;Festa Lidia Cerrillo;cobrat
172;BBVA;10/01/2024;10;enero;2024.0;ingres_general;Abonament Ajuda Enric;480.0;;cobrat
163;BBVA;25/12/2023;25;diciembre;2023.0;ingres_general;Cartera DP Petit;17.48;;cobrat
162;BBVA;25/12/2023;25;diciembre;2023.0;ingres_general;Cartera DP Gran;50.1;;cobrat
161;BBVA;20/12/2023;20;diciembre;2023.0;ingres_extra;Promos;20.0;;cobrat
157;Efectiu;09/12/2023;09;diciembre;2023.0;ingres_extra;Feina Foto;15.0;Felicitacions NataliaBonilla;cobrat
156;BBVA;30/11/2023;30;noviembre;2023.0;ingres_general;Hisenda 50 2;50.0;;cobrat
155;BBVA;30/11/2023;30;noviembre;2023.0;ingres_general;Hisenda 100;100.0;;cobrat
151;BBVA;25/11/2023;25;noviembre;2023.0;ingres_general;Cartera DP Petit;4.4;;cobrat
150;BBVA;25/11/2023;25;noviembre;2023.0;ingres_general;Cartera DP Gran;53.09;;cobrat
133;BBVA;30/09/2023;30;septiembre;2023.0;ingres_general;Hisenda 50 1;50.0;;cobrat
132;LaCaixa;25/09/2023;25;septiembre;2023.0;ingres_general;Complement Generalitat;183.58;;cobrat
127;BBVA;10/09/2023;10;septiembre;2023.0;ingres_general;Abonament Ajuda Enric;480.0;;cobrat
126;BBVA;10/09/2023;10;septiembre;2023.0;ingres_general;Abonament Ajuda Isabel;480.0;;cobrat
125;Efectiu;05/09/2023;05;septiembre;2023.0;ingres_extra;Feina Foto;25.0;Olga Coris;cobrat
124;BBVA;30/08/2023;30;agosto;2023.0;ingres_general;Hisenda 50 2;50.0;;cobrat
119;BBVA;25/08/2023;25;agosto;2023.0;ingres_general;Cartera DP Petit;15.52;;cobrat
187;LaCaixa;25/02/2024;25;febrero;2024.0;ingres_general;Complement Generalitat;190.32;;cobrat
186;LaCaixa;25/02/2024;25;febrero;2024.0;ingres_general;Pensió no contributiva;517.9;;cobrat
185;BBVA;25/02/2024;25;febrero;2024.0;ingres_general;Cartera DP Petit;14.94;;cobrat
184;BBVA;25/02/2024;25;febrero;2024.0;ingres_general;Cartera DP Gran;51.99;;cobrat
183;BBVA;10/02/2024;10;febrero;2024.0;ingres_general;Abonament Ajuda Enric;480.0;;cobrat
182;BBVA;10/02/2024;10;febrero;2024.0;ingres_general;Abonament Ajuda Isabel;480.0;;cobrat
181;Efectiu;02/02/2024;02;febrero;2024.0;ingres_extra;Feina Foto;15.0;Olga Coris;cobrat
180;BBVA;29/01/2024;29;enero;2024.0;ingres_general;Cartera DP Petit;19.41;;cobrat
171;BBVA;10/01/2024;10;enero;2024.0;ingres_general;Abonament Ajuda Isabel;480.0;;cobrat
170;BBVA;30/12/2023;30;diciembre;2023.0;ingres_general;Hisenda 50 2;50.0;;cobrat
169;BBVA;30/12/2023;30;diciembre;2023.0;ingres_general;Hisenda 100;100.0;;cobrat
168;BBVA;30/12/2023;30;diciembre;2023.0;ingres_general;Hisenda 50 1;50.0;;cobrat
166;BBVA;28/12/2023;28;diciembre;2023.0;ingres_extra;Vinted;38.0; ;cobrat
165;LaCaixa;25/12/2023;25;diciembre;2023.0;ingres_general;Complement Generalitat;183.58;;cobrat
164;LaCaixa;25/12/2023;25;diciembre;2023.0;ingres_general;Pensió no contributiva;484.61;;cobrat
160;Efectiu;20/12/2023;20;diciembre;2023.0;ingres_extra;Feina Foto;45.0;Calendaris Paqui Moreno;cobrat
159;BBVA;10/12/2023;10;diciembre;2023.0;ingres_general;Abonament Ajuda Enric;480.0;;cobrat
158;BBVA;10/12/2023;10;diciembre;2023.0;ingres_general;Abonament Ajuda Isabel;480.0;;cobrat
154;BBVA;30/11/2023;30;noviembre;2023.0;ingres_general;Hisenda 50 1;50.0;;cobrat
153;LaCaixa;25/11/2023;25;noviembre;2023.0;ingres_general;Complement Generalitat;183.58;;cobrat
152;LaCaixa;25/11/2023;25;noviembre;2023.0;ingres_general;Pensió no contributiva;969.22;;cobrat
131;LaCaixa;25/09/2023;25;septiembre;2023.0;ingres_general;Pensió no contributiva;484.61;;cobrat
130;BBVA;25/09/2023;25;septiembre;2023.0;ingres_general;Cartera DP Petit;15.52;;cobrat
129;BBVA;25/09/2023;25;septiembre;2023.0;ingres_general;Cartera DP Gran;27.34;;cobrat
128;Efectiu;21/09/2023;21;septiembre;2023.0;ingres_extra;Feina Horeca;600.0;Calendaris Pepe;cobrat
123;BBVA;30/08/2023;30;agosto;2023.0;ingres_general;Hisenda 100;100.0;;cobrat
122;BBVA;30/08/2023;30;agosto;2023.0;ingres_general;Hisenda 50 1;50.0;;cobrat
121;LaCaixa;25/08/2023;25;agosto;2023.0;ingres_general;Complement Generalitat;183.58;;cobrat
120;LaCaixa;25/08/2023;25;agosto;2023.0;ingres_general;Pensió no contributiva;484.61;;cobrat
201;BBVA;31/03/2024;31;marzo;2024.0;ingres_general;Hisenda 50 2;50.0;;cobrat
149;Efectiu;20/11/2023;20;noviembre;2023.0;ingres_extra;Feina Horeca;320.0;Xarrup estovalles;cobrat
148;BBVA;15/11/2023;15;noviembre;2023.0;ingres_extra;Gestions banc;2.01;ING tancament comptes;cobrat
147;BBVA;10/11/2023;10;noviembre;2023.0;ingres_general;Abonament Ajuda Enric;480.0;;cobrat
146;BBVA;10/11/2023;10;noviembre;2023.0;ingres_general;Abonament Ajuda Isabel;480.0;;cobrat
145;BBVA;30/10/2023;30;octubre;2023.0;ingres_general;Hisenda 50 2;50.0;;cobrat
144;BBVA;30/10/2023;30;octubre;2023.0;ingres_general;Hisenda 100;100.0;;cobrat
143;BBVA;30/10/2023;30;octubre;2023.0;ingres_general;Hisenda 50 1;50.0;;cobrat
142;BBVA;25/10/2023;25/01/1900;octubre;2023.0;ingres_extra;Subvenció;661.85;Subvenció bó tèrmic;cobrat
141;LaCaixa;25/10/2023;25;octubre;2023.0;ingres_general;Complement Generalitat;183.58;;cobrat
140;LaCaixa;25/10/2023;25;octubre;2023.0;ingres_general;Pensió no contributiva;484.61;;cobrat
139;BBVA;25/10/2023;25;octubre;2023.0;ingres_general;Cartera DP Petit;30.09;;cobrat
138;BBVA;25/10/2023;25;octubre;2023.0;ingres_general;Cartera DP Gran;53.06;;cobrat
137;BBVA;10/10/2023;10;octubre;2023.0;ingres_general;Abonament Ajuda Enric;480.0;;cobrat
136;BBVA;10/10/2023;10;octubre;2023.0;ingres_general;Abonament Ajuda Isabel;480.0;;cobrat
135;BBVA;30/09/2023;30;septiembre;2023.0;ingres_general;Hisenda 50 2;50.0;;cobrat
134;BBVA;30/09/2023;30;septiembre;2023.0;ingres_general;Hisenda 100;100.0;;cobrat
118;BBVA;25/08/2023;25;agosto;2023.0;ingres_general;Cartera DP Gran;48.6;;cobrat
117;BBVA;19/08/2023;19;agosto;2023.0;ingres_extra;Promos;10.0;;cobrat
92;BBVA;25/06/2023;25;junio;2023.0;ingres_general;Cartera DP Gran;50.1;;cobrat
91;Efectiu;24/06/2023;24;junio;2023.0;ingres_extra;Feina Foto;12.0;Santi Cugat;cobrat
90;BBVA;10/06/2023;10;junio;2023.0;ingres_general;Abonament Ajuda Enric;480.0;;cobrat
89;BBVA;10/06/2023;10;junio;2023.0;ingres_general;Abonament Ajuda Isabel;480.0;;cobrat
88;BBVA;30/05/2023;30;mayo;2023.0;ingres_general;Hisenda 50 2;50.0;;cobrat
87;BBVA;30/05/2023;30;mayo;2023.0;ingres_general;Hisenda 100;100.0;;cobrat
86;BBVA;30/05/2023;30;mayo;2023.0;ingres_general;Hisenda 50 1;50.0;;cobrat
85;LaCaixa;25/05/2023;25;mayo;2023.0;ingres_general;Complement Generalitat;229.62;;cobrat
543;Efectiu;23/06/2026;23;junio;2026.0;ingres_extra;Feina Horeca;805.0;;cobrat
167;BBVA;28/12/2023;28;diciembre;2023.0;ingres_extra;Promos;10.0;;cobrat
116;Efectiu;12/08/2023;12;agosto;2023.0;ingres_extra;Feina Foto;280.0;Festa Lidia Cerrillo;cobrat
115;BBVA;10/08/2023;10;agosto;2023.0;ingres_general;Abonament Ajuda Enric;480.0;;cobrat
114;BBVA;10/08/2023;10;agosto;2023.0;ingres_general;Abonament Ajuda Isabel;480.0;;cobrat
113;BBVA;04/08/2023;04;agosto;2023.0;ingres_extra;Vinted;39.46;;cobrat
112;BBVA;30/07/2023;30;julio;2023.0;ingres_general;Hisenda 50 2;50.0;;cobrat
111;BBVA;30/07/2023;30;julio;2023.0;ingres_general;Hisenda 100;100.0;;cobrat
110;BBVA;30/07/2023;30;julio;2023.0;ingres_general;Hisenda 50 1;50.0;;cobrat
109;LaCaixa;25/07/2023;25;julio;2023.0;ingres_general;Complement Generalitat;183.58;;cobrat
108;LaCaixa;25/07/2023;25;julio;2023.0;ingres_general;Pensió no contributiva;484.61;;cobrat
107;BBVA;25/07/2023;25;julio;2023.0;ingres_general;Cartera DP Petit;19.37;;cobrat
106;BBVA;25/07/2023;25;julio;2023.0;ingres_general;Cartera DP Gran;74.32;;cobrat
105;BBVA;24/07/2023;24;julio;2023.0;ingres_extra;Devolució Hisenda;200.0;Ajuda ;cobrat
104;Efectiu;15/07/2023;15;julio;2023.0;ingres_extra;Feina Horeca;350.0;Estovalles Xarrup;cobrat
103;BBVA;11/07/2023;11;julio;2023.0;ingres_extra;Cobro Banc;3323.17;Retorn Asseg Isabel;cobrat
102;BBVA;11/07/2023;11;julio;2023.0;ingres_extra;Cobro Banc;3928.71;Retorn Asseg Enric;cobrat
101;BBVA;10/07/2023;10;julio;2023.0;ingres_general;Abonament Ajuda Enric;480.0;;cobrat
100;BBVA;10/07/2023;10;julio;2023.0;ingres_general;Abonament Ajuda Isabel;480.0;;cobrat
99;BBVA;07/07/2023;07;julio;2023.0;ingres_extra;Devolució Hisenda;145.87;;cobrat
98;BBVA;30/06/2023;30;junio;2023.0;ingres_general;Hisenda 50 2;50.0;;cobrat
97;BBVA;30/06/2023;30;junio;2023.0;ingres_general;Hisenda 100;100.0;;cobrat
96;BBVA;30/06/2023;30;junio;2023.0;ingres_general;Hisenda 50 1;50.0;;cobrat
95;LaCaixa;25/06/2023;25;junio;2023.0;ingres_general;Complement Generalitat;183.58;;cobrat
94;LaCaixa;25/06/2023;25;junio;2023.0;ingres_general;Pensió no contributiva;969.22;;cobrat
93;BBVA;25/06/2023;25;junio;2023.0;ingres_general;Cartera DP Petit;16.82;;cobrat
84;LaCaixa;25/05/2023;25;mayo;2023.0;ingres_general;Pensió no contributiva;484.61;;cobrat
83;BBVA;25/05/2023;25;mayo;2023.0;ingres_general;Cartera DP Petit;30.86;;cobrat
82;BBVA;25/05/2023;25;mayo;2023.0;ingres_general;Cartera DP Gran;50.1;;cobrat
81;BBVA;15/05/2023;15;mayo;2023.0;ingres_extra;Feina Horeca;430.0;L'Olivera;cobrat
80;Efectiu;11/05/2023;11;mayo;2023.0;ingres_extra;Feina Horeca;325.0;Estovalles Xarrup;cobrat
79;Efectiu;11/05/2023;11;mayo;2023.0;ingres_extra;Feina Foto;130.0;Àlbum Lidia Cerrilo;cobrat
78;Efectiu;11/05/2023;11;mayo;2023.0;ingres_extra;Casament;350.0;Montse Simon;cobrat
46;BBVA;10/02/2023;10;febrero;2023.0;ingres_general;Abonament Ajuda Isabel;480.0;;cobrat
44;Efectiu;06/02/2023;06;febrero;2023.0;ingres_extra;Casament;50.0;Vídeo;cobrat
43;Efectiu;31/01/2023;31;enero;2023.0;ingres_extra;Feina Foto;0.0;Olga Coris;cobrat
5;BBVA;15/11/2022;15;noviembre;2022.0;ingres_extra;Vinted;37.0;;cobrat
4;Efectiu;14/11/2022;14;noviembre;2022.0;ingres_extra;Casament;725.0;Joan-Mariana;cobrat
3;Efectiu;11/11/2022;11;noviembre;2022.0;ingres_extra;Ingrés Extra;66.0;radiadors;cobrat
2;BBVA;10/11/2022;10;noviembre;2022.0;ingres_general;Abonament Ajuda Enric;463.21;;cobrat
1;BBVA;10/11/2022;10;noviembre;2022.0;ingres_general;Abonament Ajuda Isabel;463.21;;cobrat
77;BBVA;10/05/2023;10;mayo;2023.0;ingres_general;Abonament Ajuda Enric;480.0;;cobrat
76;BBVA;10/05/2023;10;mayo;2023.0;ingres_general;Abonament Ajuda Isabel;480.0;;cobrat
75;BBVA;30/04/2023;30;abril;2023.0;ingres_general;Hisenda 50 2;50.0;;cobrat
74;BBVA;30/04/2023;30;abril;2023.0;ingres_general;Hisenda 100;100.0;;cobrat
73;BBVA;30/04/2023;30;abril;2023.0;ingres_general;Hisenda 50 1;50.0;;cobrat
72;LaCaixa;25/04/2023;25;abril;2023.0;ingres_general;Complement Generalitat;172.07;;cobrat
71;LaCaixa;25/04/2023;25;abril;2023.0;ingres_general;Pensió no contributiva;484.61;;cobrat
70;BBVA;25/04/2023;25;abril;2023.0;ingres_general;Cartera DP Petit;23.14;;cobrat
69;BBVA;25/04/2023;25;abril;2023.0;ingres_general;Cartera DP Gran;53.06;;cobrat
68;BBVA;10/04/2023;10;abril;2023.0;ingres_general;Abonament Ajuda Enric;480.0;;cobrat
67;BBVA;10/04/2023;10;abril;2023.0;ingres_general;Abonament Ajuda Isabel;480.0;;cobrat
66;BBVA;31/03/2023;31;marzo;2023.0;ingres_general;Hisenda 50 2;50.0;;cobrat
65;BBVA;31/03/2023;31;marzo;2023.0;ingres_general;Hisenda 100;100.0;;cobrat
64;BBVA;31/03/2023;31;marzo;2023.0;ingres_general;Hisenda 50 1;50.0;;cobrat
63;LaCaixa;25/03/2023;25;marzo;2023.0;ingres_general;Complement Generalitat;172.07;;cobrat
47;BBVA;10/02/2023;10;febrero;2023.0;ingres_general;Abonament Ajuda Enric;480.0;;cobrat
62;LaCaixa;25/03/2023;25;marzo;2023.0;ingres_general;Pensió no contributiva;484.61;;cobrat
61;BBVA;25/03/2023;25;marzo;2023.0;ingres_general;Cartera DP Petit;14.53;;cobrat
60;BBVA;25/03/2023;25;marzo;2023.0;ingres_general;Cartera DP Gran;50.1;;cobrat
59;Efectiu;15/03/2023;15;marzo;2023.0;ingres_extra;Feina Horeca;1300.0;Tramuntana Palamós;cobrat
58;BBVA;10/03/2023;10;marzo;2023.0;ingres_general;Abonament Ajuda Enric;480.0;;cobrat
57;BBVA;10/03/2023;10;marzo;2023.0;ingres_general;Abonament Ajuda Isabel;480.0;;cobrat
56;BBVA;28/02/2023;28;febrero;2023.0;ingres_general;Hisenda 50 2;50.0;;cobrat
55;BBVA;28/02/2023;28;febrero;2023.0;ingres_general;Hisenda 100;100.0;;cobrat
54;BBVA;28/02/2023;28;febrero;2023.0;ingres_general;Hisenda 50 1;50.0;;cobrat
22;Efectiu;20/12/2022;20;diciembre;2022.0;ingres_extra;Feina Foto;23.0;Yolanda Bonilla;cobrat
21;Efectiu;20/12/2022;20;diciembre;2022.0;ingres_extra;Feina Foto;40.0;Calendaris Paqui Moreno;cobrat
20;Efectiu;15/12/2022;15;diciembre;2022.0;ingres_extra;Xarrup estovalles;300.0;;cobrat
19;Efectiu;15/12/2022;15;diciembre;2022.0;ingres_extra;Feina Foto;0.0;Feli Bonilla;cobrat
18;Efectiu;15/12/2022;15;diciembre;2022.0;ingres_extra;Feina Foto;280.0;Àlbum Lidia;cobrat
17;BBVA;10/12/2022;10;diciembre;2022.0;ingres_general;Abonament Ajuda Enric;463.21;;cobrat
16;BBVA;10/12/2022;10;diciembre;2022.0;ingres_general;Abonament Ajuda Isabel;463.21;;cobrat
15;BBVA;29/11/2022;29;noviembre;2022.0;ingres_general;Cartera DP Petit;14.01;;cobrat
14;BBVA;29/11/2022;29;noviembre;2022.0;ingres_general;Cartera DP Gran;47.14;;cobrat
13;BBVA;28/11/2022;28;noviembre;2022.0;ingres_general;Hisenda 50 2;50.0;;cobrat
12;BBVA;28/11/2022;28;noviembre;2022.0;ingres_general;Hisenda 100;100.0;;cobrat
11;BBVA;28/11/2022;28;noviembre;2022.0;ingres_general;Hisenda 50 1;50.0;;cobrat
10;LaCaixa;25/11/2022;25;noviembre;2022.0;ingres_general;Complement Generalitat;172.07;;cobrat
9;LaCaixa;25/11/2022;25;noviembre;2022.0;ingres_general;Pensió no contributiva;969.22;;cobrat
8;BBVA;25/11/2022;25;noviembre;2022.0;ingres_extra;Subvenció;313.3;Bo social tèrmic;cobrat
53;LaCaixa;25/02/2023;25;febrero;2023.0;ingres_general;Complement Generalitat;172.07;;cobrat
52;LaCaixa;25/02/2023;25;febrero;2023.0;ingres_general;Pensió no contributiva;484.61;;cobrat
51;BBVA;25/02/2023;25;febrero;2023.0;ingres_general;Cartera DP Petit;14.09;;cobrat
50;BBVA;25/02/2023;25;febrero;2023.0;ingres_general;Cartera DP Gran;50.1;;cobrat
49;Efectiu;20/02/2023;20;febrero;2023.0;ingres_extra;Feina Horeca;500.0;Tramuntana Palamós;cobrat
48;Efectiu;15/02/2023;15;febrero;2023.0;ingres_extra;Feina Horeca;295.0;Cafeteria Avinguda;cobrat
45;BBVA;07/02/2023;07;febrero;2023.0;ingres_extra;Promos;10.0;;cobrat
24;LaCaixa;25/12/2022;25;diciembre;2022.0;ingres_general;Pensió no contributiva;484.61;;cobrat
23;Efectiu;20/12/2022;20;diciembre;2022.0;ingres_extra;Feina Foto;15.0;Natalia Bonilla;cobrat
7;BBVA;25/11/2022;25;noviembre;2022.0;ingres_extra;Subvenció;85.21;Bonif. Ajunt.;cobrat
6;Efectiu;18/11/2022;18;noviembre;2022.0;ingres_extra;Feina Foto;40.0;30x40 Ferriol;cobrat
